id,acc
0,0.0
1,0.7667013777635373
2,0.7693447612944571
3,0.7286126241589235
4,0.7422701057353412
5,0.7693447612944571
6,0.7695049663569369
7,0.7703860942005767
8,0.7725088112784364
9,0.7850448574174944
10,0.7840035245113746
11,0.7838032681832746
12,0.8148429990387697
